{"cameraMode":{"drawMode":0,"name":"Shaded","section":"Shading Mode"},"sceneLighting":false,"audioPlay":false,"sceneViewState":{"showFog":true,"showMaterialUpdate":false,"showSkybox":true,"showFlares":true,"showImageEffects":true,"showParticleSystems":true},"in2DMode":false,"pivot":{"x":-21.749935150146486,"y":-15.35283088684082,"z":3.918750762939453},"rotation":{"x":0.26271846890449526,"y":-0.5633106231689453,"z":0.19501110911369325,"w":0.7587463855743408},"size":50.22435760498047,"orthographic":false}